{
    "train": {
        "loss": 1.1311019659042358,
        "accuracy": 0.45686960220336914
    },
    "step": 4
}