step	train/accuracy
0	0.4704348146915436
1	0.47743481397628784
2	0.4678695797920227
3	0.4593043625354767
4	0.45686960220336914
