step	train/loss
0	1.1063190698623657
1	1.0775715112686157
2	1.0946835279464722
3	1.120885968208313
4	1.1311019659042358
